INTERVAL,DAYS_VALUE,DAYS_NAME,;;;;INTERVAL;DAYS_VALUE;DAYS_NAME
1,1,Dia 1,;;;;1;1;Dia 1
2,1,Dia 1,;;;;2;1;Dia 1
2,2,Dia 2,;;;;2;2;Dia 2
3,1,Dia 1,;;;;3;1;Dia 1
3,2,Dia 2,;;;;3;2;Dia 2
3,3,Dia 3,;;;;3;3;Dia 3
4,1,Dia 1,;;;;4;1;Dia 1
4,2,Dia 2,;;;;4;2;Dia 2
4,3,Dia 3,;;;;4;3;Dia 3
4,4,Dia 4,;;;;4;4;Dia 4
5,1,Dia 1,;;;;5;1;Dia 1
5,2,Dia 2,;;;;5;2;Dia 2
5,3,Dia 3,;;;;5;3;Dia 3
5,4,Dia 4,;;;;5;4;Dia 4
5,5,Dia 5,;;;;5;5;Dia 5
6,1,Dia 1,;;;;6;1;Dia 1
6,2,Dia 2,;;;;6;2;Dia 2
6,3,Dia 3,;;;;6;3;Dia 3
6,4,Dia 4,;;;;6;4;Dia 4
6,5,Dia 5,;;;;6;5;Dia 5
6,6,Dia 6,;;;;6;6;Dia 6
7,1,Dia 1,;;;;7;1;Dia 1
7,2,Dia 2,;;;;7;2;Dia 2
7,3,Dia 3,;;;;7;3;Dia 3
7,4,Dia 4,;;;;7;4;Dia 4
7,5,Dia 5,;;;;7;5;Dia 5
7,6,Dia 6,;;;;7;6;Dia 6
7,7,Dia 7,;;;;7;7;Dia 7
8,1,Dia 1,;;;;8;1;Dia 1
8,2,Dia 2,;;;;8;2;Dia 2
8,3,Dia 3,;;;;8;3;Dia 3
8,4,Dia 4,;;;;8;4;Dia 4
8,5,Dia 5,;;;;8;5;Dia 5
8,6,Dia 6,;;;;8;6;Dia 6
8,7,Dia 7,;;;;8;7;Dia 7
8,8,Dia 8,;;;;8;8;Dia 8
9,1,Dia 1,;;;;9;1;Dia 1
9,2,Dia 2,;;;;9;2;Dia 2
9,3,Dia 3,;;;;9;3;Dia 3
9,4,Dia 4,;;;;9;4;Dia 4
9,5,Dia 5,;;;;9;5;Dia 5
9,6,Dia 6,;;;;9;6;Dia 6
9,7,Dia 7,;;;;9;7;Dia 7
9,8,Dia 8,;;;;9;8;Dia 8
9,9,Dia 9,;;;;9;9;Dia 9
10,1,Dia 1,;;;;10;1;Dia 1
10,2,Dia 2,;;;;10;2;Dia 2
10,3,Dia 3,;;;;10;3;Dia 3
10,4,Dia 4,;;;;10;4;Dia 4
10,5,Dia 5,;;;;10;5;Dia 5
10,6,Dia 6,;;;;10;6;Dia 6
10,7,Dia 7,;;;;10;7;Dia 7
10,8,Dia 8,;;;;10;8;Dia 8
10,9,Dia 9,;;;;10;9;Dia 9
10,10,Dia 10,;;;;10;10;Dia 10
11,1,Dia 1,;;;;11;1;Dia 1
11,2,Dia 2,;;;;11;2;Dia 2
11,3,Dia 3,;;;;11;3;Dia 3
11,4,Dia 4,;;;;11;4;Dia 4
11,5,Dia 5,;;;;11;5;Dia 5
11,6,Dia 6,;;;;11;6;Dia 6
11,7,Dia 7,;;;;11;7;Dia 7
11,8,Dia 8,;;;;11;8;Dia 8
11,9,Dia 9,;;;;11;9;Dia 9
11,10,Dia 10,;;;;11;10;Dia 10
11,11,Dia 11,;;;;11;11;Dia 11
12,1,Dia 1,;;;;12;1;Dia 1
12,2,Dia 2,;;;;12;2;Dia 2
12,3,Dia 3,;;;;12;3;Dia 3
12,4,Dia 4,;;;;12;4;Dia 4
12,5,Dia 5,;;;;12;5;Dia 5
12,6,Dia 6,;;;;12;6;Dia 6
12,7,Dia 7,;;;;12;7;Dia 7
12,8,Dia 8,;;;;12;8;Dia 8
12,9,Dia 9,;;;;12;9;Dia 9
12,10,Dia 10,;;;;12;10;Dia 10
12,11,Dia 11,;;;;12;11;Dia 11
12,12,Dia 12,;;;;12;12;Dia 12
13,1,Dia 1,;;;;13;1;Dia 1
13,2,Dia 2,;;;;13;2;Dia 2
13,3,Dia 3,;;;;13;3;Dia 3
13,4,Dia 4,;;;;13;4;Dia 4
13,5,Dia 5,;;;;13;5;Dia 5
13,6,Dia 6,;;;;13;6;Dia 6
13,7,Dia 7,;;;;13;7;Dia 7
13,8,Dia 8,;;;;13;8;Dia 8
13,9,Dia 9,;;;;13;9;Dia 9
13,10,Dia 10,;;;;13;10;Dia 10
13,11,Dia 11,;;;;13;11;Dia 11
13,12,Dia 12,;;;;13;12;Dia 12
13,13,Dia 13,;;;;13;13;Dia 13
14,1,Dia 1,;;;;14;1;Dia 1
14,2,Dia 2,;;;;14;2;Dia 2
14,3,Dia 3,;;;;14;3;Dia 3
14,4,Dia 4,;;;;14;4;Dia 4
14,5,Dia 5,;;;;14;5;Dia 5
14,6,Dia 6,;;;;14;6;Dia 6
14,7,Dia 7,;;;;14;7;Dia 7
14,8,Dia 8,;;;;14;8;Dia 8
14,9,Dia 9,;;;;14;9;Dia 9
14,10,Dia 10,;;;;14;10;Dia 10
14,11,Dia 11,;;;;14;11;Dia 11
14,12,Dia 12,;;;;14;12;Dia 12
14,13,Dia 13,;;;;14;13;Dia 13
14,14,Dia 14,;;;;14;14;Dia 14
15,1,Dia 1,;;;;15;1;Dia 1
15,2,Dia 2,;;;;15;2;Dia 2
15,3,Dia 3,;;;;15;3;Dia 3
15,4,Dia 4,;;;;15;4;Dia 4
15,5,Dia 5,;;;;15;5;Dia 5
15,6,Dia 6,;;;;15;6;Dia 6
15,7,Dia 7,;;;;15;7;Dia 7
15,8,Dia 8,;;;;15;8;Dia 8
15,9,Dia 9,;;;;15;9;Dia 9
15,10,Dia 10,;;;;15;10;Dia 10
15,11,Dia 11,;;;;15;11;Dia 11
15,12,Dia 12,;;;;15;12;Dia 12
15,13,Dia 13,;;;;15;13;Dia 13
15,14,Dia 14,;;;;15;14;Dia 14
15,15,Dia 15,;;;;15;15;Dia 15
16,1,Dia 1,;;;;16;1;Dia 1
16,2,Dia 2,;;;;16;2;Dia 2
16,3,Dia 3,;;;;16;3;Dia 3
16,4,Dia 4,;;;;16;4;Dia 4
16,5,Dia 5,;;;;16;5;Dia 5
16,6,Dia 6,;;;;16;6;Dia 6
16,7,Dia 7,;;;;16;7;Dia 7
16,8,Dia 8,;;;;16;8;Dia 8
16,9,Dia 9,;;;;16;9;Dia 9
16,10,Dia 10,;;;;16;10;Dia 10
16,11,Dia 11,;;;;16;11;Dia 11
16,12,Dia 12,;;;;16;12;Dia 12
16,13,Dia 13,;;;;16;13;Dia 13
16,14,Dia 14,;;;;16;14;Dia 14
16,15,Dia 15,;;;;16;15;Dia 15
16,16,Dia 16,;;;;16;16;Dia 16
17,1,Dia 1,;;;;17;1;Dia 1
17,2,Dia 2,;;;;17;2;Dia 2
17,3,Dia 3,;;;;17;3;Dia 3
17,4,Dia 4,;;;;17;4;Dia 4
17,5,Dia 5,;;;;17;5;Dia 5
17,6,Dia 6,;;;;17;6;Dia 6
17,7,Dia 7,;;;;17;7;Dia 7
17,8,Dia 8,;;;;17;8;Dia 8
17,9,Dia 9,;;;;17;9;Dia 9
17,10,Dia 10,;;;;17;10;Dia 10
17,11,Dia 11,;;;;17;11;Dia 11
17,12,Dia 12,;;;;17;12;Dia 12
17,13,Dia 13,;;;;17;13;Dia 13
17,14,Dia 14,;;;;17;14;Dia 14
17,15,Dia 15,;;;;17;15;Dia 15
17,16,Dia 16,;;;;17;16;Dia 16
17,17,Dia 17,;;;;17;17;Dia 17
18,1,Dia 1,;;;;18;1;Dia 1
18,2,Dia 2,;;;;18;2;Dia 2
18,3,Dia 3,;;;;18;3;Dia 3
18,4,Dia 4,;;;;18;4;Dia 4
18,5,Dia 5,;;;;18;5;Dia 5
18,6,Dia 6,;;;;18;6;Dia 6
18,7,Dia 7,;;;;18;7;Dia 7
18,8,Dia 8,;;;;18;8;Dia 8
18,9,Dia 9,;;;;18;9;Dia 9
18,10,Dia 10,;;;;18;10;Dia 10
18,11,Dia 11,;;;;18;11;Dia 11
18,12,Dia 12,;;;;18;12;Dia 12
18,13,Dia 13,;;;;18;13;Dia 13
18,14,Dia 14,;;;;18;14;Dia 14
18,15,Dia 15,;;;;18;15;Dia 15
18,16,Dia 16,;;;;18;16;Dia 16
18,17,Dia 17,;;;;18;17;Dia 17
18,18,Dia 18,;;;;18;18;Dia 18
19,1,Dia 1,;;;;19;1;Dia 1
19,2,Dia 2,;;;;19;2;Dia 2
19,3,Dia 3,;;;;19;3;Dia 3
19,4,Dia 4,;;;;19;4;Dia 4
19,5,Dia 5,;;;;19;5;Dia 5
19,6,Dia 6,;;;;19;6;Dia 6
19,7,Dia 7,;;;;19;7;Dia 7
19,8,Dia 8,;;;;19;8;Dia 8
19,9,Dia 9,;;;;19;9;Dia 9
19,10,Dia 10,;;;;19;10;Dia 10
19,11,Dia 11,;;;;19;11;Dia 11
19,12,Dia 12,;;;;19;12;Dia 12
19,13,Dia 13,;;;;19;13;Dia 13
19,14,Dia 14,;;;;19;14;Dia 14
19,15,Dia 15,;;;;19;15;Dia 15
19,16,Dia 16,;;;;19;16;Dia 16
19,17,Dia 17,;;;;19;17;Dia 17
19,18,Dia 18,;;;;19;18;Dia 18
19,19,Dia 19,;;;;19;19;Dia 19
20,1,Dia 1,;;;;20;1;Dia 1
20,2,Dia 2,;;;;20;2;Dia 2
20,3,Dia 3,;;;;20;3;Dia 3
20,4,Dia 4,;;;;20;4;Dia 4
20,5,Dia 5,;;;;20;5;Dia 5
20,6,Dia 6,;;;;20;6;Dia 6
20,7,Dia 7,;;;;20;7;Dia 7
20,8,Dia 8,;;;;20;8;Dia 8
20,9,Dia 9,;;;;20;9;Dia 9
20,10,Dia 10,;;;;20;10;Dia 10
20,11,Dia 11,;;;;20;11;Dia 11
20,12,Dia 12,;;;;20;12;Dia 12
20,13,Dia 13,;;;;20;13;Dia 13
20,14,Dia 14,;;;;20;14;Dia 14
20,15,Dia 15,;;;;20;15;Dia 15
20,16,Dia 16,;;;;20;16;Dia 16
20,17,Dia 17,;;;;20;17;Dia 17
20,18,Dia 18,;;;;20;18;Dia 18
20,19,Dia 19,;;;;20;19;Dia 19
20,20,Dia 20,;;;;20;20;Dia 20
21,1,Dia 1,;;;;21;1;Dia 1
21,2,Dia 2,;;;;21;2;Dia 2
21,3,Dia 3,;;;;21;3;Dia 3
21,4,Dia 4,;;;;21;4;Dia 4
21,5,Dia 5,;;;;21;5;Dia 5
21,6,Dia 6,;;;;21;6;Dia 6
21,7,Dia 7,;;;;21;7;Dia 7
21,8,Dia 8,;;;;21;8;Dia 8
21,9,Dia 9,;;;;21;9;Dia 9
21,10,Dia 10,;;;;21;10;Dia 10
21,11,Dia 11,;;;;21;11;Dia 11
21,12,Dia 12,;;;;21;12;Dia 12
21,13,Dia 13,;;;;21;13;Dia 13
21,14,Dia 14,;;;;21;14;Dia 14
21,15,Dia 15,;;;;21;15;Dia 15
21,16,Dia 16,;;;;21;16;Dia 16
21,17,Dia 17,;;;;21;17;Dia 17
21,18,Dia 18,;;;;21;18;Dia 18
21,19,Dia 19,;;;;21;19;Dia 19
21,20,Dia 20,;;;;21;20;Dia 20
21,21,Dia 21,;;;;21;21;Dia 21
22,1,Dia 1,;;;;22;1;Dia 1
22,2,Dia 2,;;;;22;2;Dia 2
22,3,Dia 3,;;;;22;3;Dia 3
22,4,Dia 4,;;;;22;4;Dia 4
22,5,Dia 5,;;;;22;5;Dia 5
22,6,Dia 6,;;;;22;6;Dia 6
22,7,Dia 7,;;;;22;7;Dia 7
22,8,Dia 8,;;;;22;8;Dia 8
22,9,Dia 9,;;;;22;9;Dia 9
22,10,Dia 10,;;;;22;10;Dia 10
22,11,Dia 11,;;;;22;11;Dia 11
22,12,Dia 12,;;;;22;12;Dia 12
22,13,Dia 13,;;;;22;13;Dia 13
22,14,Dia 14,;;;;22;14;Dia 14
22,15,Dia 15,;;;;22;15;Dia 15
22,16,Dia 16,;;;;22;16;Dia 16
22,17,Dia 17,;;;;22;17;Dia 17
22,18,Dia 18,;;;;22;18;Dia 18
22,19,Dia 19,;;;;22;19;Dia 19
22,20,Dia 20,;;;;22;20;Dia 20
22,21,Dia 21,;;;;22;21;Dia 21
22,22,Dia 22,;;;;22;22;Dia 22
23,1,Dia 1,;;;;23;1;Dia 1
23,2,Dia 2,;;;;23;2;Dia 2
23,3,Dia 3,;;;;23;3;Dia 3
23,4,Dia 4,;;;;23;4;Dia 4
23,5,Dia 5,;;;;23;5;Dia 5
23,6,Dia 6,;;;;23;6;Dia 6
23,7,Dia 7,;;;;23;7;Dia 7
23,8,Dia 8,;;;;23;8;Dia 8
23,9,Dia 9,;;;;23;9;Dia 9
23,10,Dia 10,;;;;23;10;Dia 10
23,11,Dia 11,;;;;23;11;Dia 11
23,12,Dia 12,;;;;23;12;Dia 12
23,13,Dia 13,;;;;23;13;Dia 13
23,14,Dia 14,;;;;23;14;Dia 14
23,15,Dia 15,;;;;23;15;Dia 15
23,16,Dia 16,;;;;23;16;Dia 16
23,17,Dia 17,;;;;23;17;Dia 17
23,18,Dia 18,;;;;23;18;Dia 18
23,19,Dia 19,;;;;23;19;Dia 19
23,20,Dia 20,;;;;23;20;Dia 20
23,21,Dia 21,;;;;23;21;Dia 21
23,22,Dia 22,;;;;23;22;Dia 22
23,23,Dia 23,;;;;23;23;Dia 23
24,1,Dia 1,;;;;24;1;Dia 1
24,2,Dia 2,;;;;24;2;Dia 2
24,3,Dia 3,;;;;24;3;Dia 3
24,4,Dia 4,;;;;24;4;Dia 4
24,5,Dia 5,;;;;24;5;Dia 5
24,6,Dia 6,;;;;24;6;Dia 6
24,7,Dia 7,;;;;24;7;Dia 7
24,8,Dia 8,;;;;24;8;Dia 8
24,9,Dia 9,;;;;24;9;Dia 9
24,10,Dia 10,;;;;24;10;Dia 10
24,11,Dia 11,;;;;24;11;Dia 11
24,12,Dia 12,;;;;24;12;Dia 12
24,13,Dia 13,;;;;24;13;Dia 13
24,14,Dia 14,;;;;24;14;Dia 14
24,15,Dia 15,;;;;24;15;Dia 15
24,16,Dia 16,;;;;24;16;Dia 16
24,17,Dia 17,;;;;24;17;Dia 17
24,18,Dia 18,;;;;24;18;Dia 18
24,19,Dia 19,;;;;24;19;Dia 19
24,20,Dia 20,;;;;24;20;Dia 20
24,21,Dia 21,;;;;24;21;Dia 21
24,22,Dia 22,;;;;24;22;Dia 22
24,23,Dia 23,;;;;24;23;Dia 23
24,24,Dia 24,;;;;24;24;Dia 24
25,1,Dia 1,;;;;25;1;Dia 1
25,2,Dia 2,;;;;25;2;Dia 2
25,3,Dia 3,;;;;25;3;Dia 3
25,4,Dia 4,;;;;25;4;Dia 4
25,5,Dia 5,;;;;25;5;Dia 5
25,6,Dia 6,;;;;25;6;Dia 6
25,7,Dia 7,;;;;25;7;Dia 7
25,8,Dia 8,;;;;25;8;Dia 8
25,9,Dia 9,;;;;25;9;Dia 9
25,10,Dia 10,;;;;25;10;Dia 10
25,11,Dia 11,;;;;25;11;Dia 11
25,12,Dia 12,;;;;25;12;Dia 12
25,13,Dia 13,;;;;25;13;Dia 13
25,14,Dia 14,;;;;25;14;Dia 14
25,15,Dia 15,;;;;25;15;Dia 15
25,16,Dia 16,;;;;25;16;Dia 16
25,17,Dia 17,;;;;25;17;Dia 17
25,18,Dia 18,;;;;25;18;Dia 18
25,19,Dia 19,;;;;25;19;Dia 19
25,20,Dia 20,;;;;25;20;Dia 20
25,21,Dia 21,;;;;25;21;Dia 21
25,22,Dia 22,;;;;25;22;Dia 22
25,23,Dia 23,;;;;25;23;Dia 23
25,24,Dia 24,;;;;25;24;Dia 24
25,25,Dia 25,;;;;25;25;Dia 25
26,1,Dia 1,;;;;26;1;Dia 1
26,2,Dia 2,;;;;26;2;Dia 2
26,3,Dia 3,;;;;26;3;Dia 3
26,4,Dia 4,;;;;26;4;Dia 4
26,5,Dia 5,;;;;26;5;Dia 5
26,6,Dia 6,;;;;26;6;Dia 6
26,7,Dia 7,;;;;26;7;Dia 7
26,8,Dia 8,;;;;26;8;Dia 8
26,9,Dia 9,;;;;26;9;Dia 9
26,10,Dia 10,;;;;26;10;Dia 10
26,11,Dia 11,;;;;26;11;Dia 11
26,12,Dia 12,;;;;26;12;Dia 12
26,13,Dia 13,;;;;26;13;Dia 13
26,14,Dia 14,;;;;26;14;Dia 14
26,15,Dia 15,;;;;26;15;Dia 15
26,16,Dia 16,;;;;26;16;Dia 16
26,17,Dia 17,;;;;26;17;Dia 17
26,18,Dia 18,;;;;26;18;Dia 18
26,19,Dia 19,;;;;26;19;Dia 19
26,20,Dia 20,;;;;26;20;Dia 20
26,21,Dia 21,;;;;26;21;Dia 21
26,22,Dia 22,;;;;26;22;Dia 22
26,23,Dia 23,;;;;26;23;Dia 23
26,24,Dia 24,;;;;26;24;Dia 24
26,25,Dia 25,;;;;26;25;Dia 25
26,26,Dia 26,;;;;26;26;Dia 26
27,1,Dia 1,;;;;27;1;Dia 1
27,2,Dia 2,;;;;27;2;Dia 2
27,3,Dia 3,;;;;27;3;Dia 3
27,4,Dia 4,;;;;27;4;Dia 4
27,5,Dia 5,;;;;27;5;Dia 5
27,6,Dia 6,;;;;27;6;Dia 6
27,7,Dia 7,;;;;27;7;Dia 7
27,8,Dia 8,;;;;27;8;Dia 8
27,9,Dia 9,;;;;27;9;Dia 9
27,10,Dia 10,;;;;27;10;Dia 10
27,11,Dia 11,;;;;27;11;Dia 11
27,12,Dia 12,;;;;27;12;Dia 12
27,13,Dia 13,;;;;27;13;Dia 13
27,14,Dia 14,;;;;27;14;Dia 14
27,15,Dia 15,;;;;27;15;Dia 15
27,16,Dia 16,;;;;27;16;Dia 16
27,17,Dia 17,;;;;27;17;Dia 17
27,18,Dia 18,;;;;27;18;Dia 18
27,19,Dia 19,;;;;27;19;Dia 19
27,20,Dia 20,;;;;27;20;Dia 20
27,21,Dia 21,;;;;27;21;Dia 21
27,22,Dia 22,;;;;27;22;Dia 22
27,23,Dia 23,;;;;27;23;Dia 23
27,24,Dia 24,;;;;27;24;Dia 24
27,25,Dia 25,;;;;27;25;Dia 25
27,26,Dia 26,;;;;27;26;Dia 26
27,27,Dia 27,;;;;27;27;Dia 27
28,1,Dia 1,;;;;28;1;Dia 1
28,2,Dia 2,;;;;28;2;Dia 2
28,3,Dia 3,;;;;28;3;Dia 3
28,4,Dia 4,;;;;28;4;Dia 4
28,5,Dia 5,;;;;28;5;Dia 5
28,6,Dia 6,;;;;28;6;Dia 6
28,7,Dia 7,;;;;28;7;Dia 7
28,8,Dia 8,;;;;28;8;Dia 8
28,9,Dia 9,;;;;28;9;Dia 9
28,10,Dia 10,;;;;28;10;Dia 10
28,11,Dia 11,;;;;28;11;Dia 11
28,12,Dia 12,;;;;28;12;Dia 12
28,13,Dia 13,;;;;28;13;Dia 13
28,14,Dia 14,;;;;28;14;Dia 14
28,15,Dia 15,;;;;28;15;Dia 15
28,16,Dia 16,;;;;28;16;Dia 16
28,17,Dia 17,;;;;28;17;Dia 17
28,18,Dia 18,;;;;28;18;Dia 18
28,19,Dia 19,;;;;28;19;Dia 19
28,20,Dia 20,;;;;28;20;Dia 20
28,21,Dia 21,;;;;28;21;Dia 21
28,22,Dia 22,;;;;28;22;Dia 22
28,23,Dia 23,;;;;28;23;Dia 23
28,24,Dia 24,;;;;28;24;Dia 24
28,25,Dia 25,;;;;28;25;Dia 25
28,26,Dia 26,;;;;28;26;Dia 26
28,27,Dia 27,;;;;28;27;Dia 27
28,28,Dia 28,;;;;28;28;Dia 28
29,1,Dia 1,;;;;29;1;Dia 1
29,2,Dia 2,;;;;29;2;Dia 2
29,3,Dia 3,;;;;29;3;Dia 3
29,4,Dia 4,;;;;29;4;Dia 4
29,5,Dia 5,;;;;29;5;Dia 5
29,6,Dia 6,;;;;29;6;Dia 6
29,7,Dia 7,;;;;29;7;Dia 7
29,8,Dia 8,;;;;29;8;Dia 8
29,9,Dia 9,;;;;29;9;Dia 9
29,10,Dia 10,;;;;29;10;Dia 10
29,11,Dia 11,;;;;29;11;Dia 11
29,12,Dia 12,;;;;29;12;Dia 12
29,13,Dia 13,;;;;29;13;Dia 13
29,14,Dia 14,;;;;29;14;Dia 14
29,15,Dia 15,;;;;29;15;Dia 15
29,16,Dia 16,;;;;29;16;Dia 16
29,17,Dia 17,;;;;29;17;Dia 17
29,18,Dia 18,;;;;29;18;Dia 18
29,19,Dia 19,;;;;29;19;Dia 19
29,20,Dia 20,;;;;29;20;Dia 20
29,21,Dia 21,;;;;29;21;Dia 21
29,22,Dia 22,;;;;29;22;Dia 22
29,23,Dia 23,;;;;29;23;Dia 23
29,24,Dia 24,;;;;29;24;Dia 24
29,25,Dia 25,;;;;29;25;Dia 25
29,26,Dia 26,;;;;29;26;Dia 26
29,27,Dia 27,;;;;29;27;Dia 27
29,28,Dia 28,;;;;29;28;Dia 28
29,29,Dia 29,;;;;29;29;Dia 29
30,1,Dia 1,;;;;30;1;Dia 1
30,2,Dia 2,;;;;30;2;Dia 2
30,3,Dia 3,;;;;30;3;Dia 3
30,4,Dia 4,;;;;30;4;Dia 4
30,5,Dia 5,;;;;30;5;Dia 5
30,6,Dia 6,;;;;30;6;Dia 6
30,7,Dia 7,;;;;30;7;Dia 7
30,8,Dia 8,;;;;30;8;Dia 8
30,9,Dia 9,;;;;30;9;Dia 9
30,10,Dia 10,;;;;30;10;Dia 10
30,11,Dia 11,;;;;30;11;Dia 11
30,12,Dia 12,;;;;30;12;Dia 12
30,13,Dia 13,;;;;30;13;Dia 13
30,14,Dia 14,;;;;30;14;Dia 14
30,15,Dia 15,;;;;30;15;Dia 15
30,16,Dia 16,;;;;30;16;Dia 16
30,17,Dia 17,;;;;30;17;Dia 17
30,18,Dia 18,;;;;30;18;Dia 18
30,19,Dia 19,;;;;30;19;Dia 19
30,20,Dia 20,;;;;30;20;Dia 20
30,21,Dia 21,;;;;30;21;Dia 21
30,22,Dia 22,;;;;30;22;Dia 22
30,23,Dia 23,;;;;30;23;Dia 23
30,24,Dia 24,;;;;30;24;Dia 24
30,25,Dia 25,;;;;30;25;Dia 25
30,26,Dia 26,;;;;30;26;Dia 26
30,27,Dia 27,;;;;30;27;Dia 27
30,28,Dia 28,;;;;30;28;Dia 28
30,29,Dia 29,;;;;30;29;Dia 29
30,30,Dia 30,;;;;30;30;Dia 30
31,1,Dia 1,;;;;31;1;Dia 1
31,2,Dia 2,;;;;31;2;Dia 2
31,3,Dia 3,;;;;31;3;Dia 3
31,4,Dia 4,;;;;31;4;Dia 4
31,5,Dia 5,;;;;31;5;Dia 5
31,6,Dia 6,;;;;31;6;Dia 6
31,7,Dia 7,;;;;31;7;Dia 7
31,8,Dia 8,;;;;31;8;Dia 8
31,9,Dia 9,;;;;31;9;Dia 9
31,10,Dia 10,;;;;31;10;Dia 10
31,11,Dia 11,;;;;31;11;Dia 11
31,12,Dia 12,;;;;31;12;Dia 12
31,13,Dia 13,;;;;31;13;Dia 13
31,14,Dia 14,;;;;31;14;Dia 14
31,15,Dia 15,;;;;31;15;Dia 15
31,16,Dia 16,;;;;31;16;Dia 16
31,17,Dia 17,;;;;31;17;Dia 17
31,18,Dia 18,;;;;31;18;Dia 18
31,19,Dia 19,;;;;31;19;Dia 19
31,20,Dia 20,;;;;31;20;Dia 20
31,21,Dia 21,;;;;31;21;Dia 21
31,22,Dia 22,;;;;31;22;Dia 22
31,23,Dia 23,;;;;31;23;Dia 23
31,24,Dia 24,;;;;31;24;Dia 24
31,25,Dia 25,;;;;31;25;Dia 25
31,26,Dia 26,;;;;31;26;Dia 26
31,27,Dia 27,;;;;31;27;Dia 27
31,28,Dia 28,;;;;31;28;Dia 28
31,29,Dia 29,;;;;31;29;Dia 29
31,30,Dia 30,;;;;31;30;Dia 30
31,31,Dia 31,;;;;31;31;Dia 31
